file,duration,mfcc_mean,rolloff_mean,energy_mean
confirm_eddy,2.670294784580499,"[-435.4438171386719, 118.35939025878906, 3.813838481903076, 20.31858253479004, 4.910614490509033, 19.995019912719727, -2.9937214851379395, 4.636137962341309, -6.668307781219482, -2.179100751876831, 1.1961852312088013, -0.31900832056999207, -2.0991299152374268, -2.3362691402435303, -0.7323494553565979, -0.03705175593495369, -1.053307056427002, 1.572066068649292, -3.2376058101654053, -3.7262444496154785]",2897.979315396013,0.034818456
confirm_lievin,2.043356009070295,"[-503.4095764160156, 147.80923461914062, 2.0977606773376465, 24.09758758544922, 5.463481426239014, 7.907214164733887, -12.150516510009766, -0.9139106273651123, -10.37367057800293, -8.917601585388184, -2.724095344543457, 2.8132436275482178, -7.711909770965576, -2.527362823486328, 3.390852928161621, -0.21933403611183167, -6.017722129821777, -8.245244026184082, -4.541391372680664, -2.9639828205108643]",2297.8831087605336,0.012340053
approve_eddy,2.8792743764172335,"[-429.04437255859375, 78.92615509033203, 13.624939918518066, 29.32380485534668, 6.631809711456299, 16.531757354736328, -3.049537420272827, 8.70743179321289, -1.669646143913269, -0.00807945802807808, 2.1571176052093506, -2.3626742362976074, -0.6058632135391235, 3.0780463218688965, -0.5328195095062256, 0.4977329671382904, 0.010039615444839, -0.3658697009086609, -0.3969663977622986, -1.9336880445480347]",3309.050390625,0.040690172
approve_lievin,2.8535147392290248,"[-546.6292114257812, 84.86882019042969, 16.299631118774414, 26.143047332763672, 4.0966477394104, 10.685356140136719, -9.310920715332031, -1.247567057609558, -8.978944778442383, -2.4415295124053955, -7.665663242340088, -3.1690235137939453, -7.9709062576293945, -0.7492985725402832, -0.03805247321724892, -0.7390213012695312, -2.8581249713897705, -3.4920403957366943, -2.4248695373535156, -3.0369906425476074]",3657.9309975228657,0.007446267
